{
      "asset_00860": 0.011000000000000003,
      "asset_00062": 0.024000000000000014,
      "asset_00471": 0.010000000000000002,
      "asset_00417": 0.015000000000000006,
      "asset_00648": 0.07000000000000005,
      "asset_00329": 0.024000000000000014,
      "asset_01136": 0.013000000000000005,
      "asset_00078": 0.035000000000000024,
      "asset_00014": 0.011000000000000003,
      "asset_00499": 0.03100000000000002,
      "asset_00190": 0.02000000000000001,
      "asset_00553": 0.027000000000000017,
      "asset_00074": 0.016000000000000007,
      "asset_00863": 0.01800000000000001,
      "asset_00110": 0.03100000000000002,
      "asset_00143": 0.009000000000000001,
      "asset_00831": 0.007,
      "asset_00537": 0.060000000000000046,
      "asset_00007": 0.022000000000000013,
      "asset_00437": 0.016000000000000007,
      "asset_00659": 0.010000000000000002,
      "asset_00614": 0.04500000000000003,
      "asset_00426": 0.011000000000000003,
      "asset_00293": 0.016000000000000007,
      "asset_00615": 0.02100000000000001,
      "asset_00318": 0.04100000000000003,
      "asset_00301": 0.025000000000000015,
      "asset_01026": 0.02900000000000002,
      "asset_00163": 0.010000000000000002,
      "asset_00768": 0.026000000000000016,
      "asset_00319": 0.03900000000000003,
      "asset_00506": 0.04900000000000004,
      "asset_00211": 0.01900000000000001,
      "asset_00032": 0.010000000000000002,
      "asset_00004": 0.01800000000000001,
      "asset_00030": 0.022000000000000013,
      "asset_00296": 0.009000000000000001,
      "asset_01132": 0.058000000000000045,
      "asset_00514": 0.017000000000000008,
      "asset_00686": 0.013000000000000005,
      "asset_00077": 0.012000000000000004,
      "asset_00021": 0.010000000000000002,
      "asset_00103": 0.008,
      "asset_00016": 0.022000000000000013,
      "asset_01129": 0.011000000000000003,
      "asset_00703": 0.02100000000000001,
      "asset_00256": 0.015000000000000006,
      "asset_00141": 0.03100000000000002,
      "asset_00175": 0.04100000000000003,
      "asset_00652": 0.008,
      "asset_00192": 0.02900000000000002,
      "asset_00470": 0.01,
      "asset_00480": 0.014000000000000005,
      "asset_00117": 0.07100000000000005,
      "asset_00210": 0.04900000000000004,
      "asset_00320": 0.015000000000000006,
      "asset_00083": 0.011000000000000003,
      "asset_00559": 0.014000000000000005,
      "asset_00186": 0.03100000000000002,
      "asset_00422": 0.014000000000000005,
      "asset_01053": 0.023000000000000013,
      "asset_01125": 0.009000000000000001,
      "asset_00028": 0.025000000000000015,
      "asset_00741": 0.010000000000000002,
      "asset_00755": 0.009000000000000001,
      "asset_00042": 0.009000000000000001,
      "asset_00783": 0.015000000000000006,
      "asset_00410": 0.02100000000000001,
      "asset_00308": 0.048000000000000036,
      "asset_00081": 0.01900000000000001,
      "asset_00681": 0.02000000000000001,
      "asset_01102": 0.015000000000000006,
      "asset_00133": 0.026000000000000016,
      "asset_00015": 0.027000000000000017,
      "asset_01092": 0.014000000000000005,
      "asset_00340": 0.025000000000000015,
      "asset_00345": 0.037000000000000026,
      "asset_00388": 0.016000000000000007,
      "asset_01079": 0.014000000000000005,
      "asset_01041": 0.011000000000000003,
      "asset_00486": 0.03000000000000004,
      "asset_00581": 0.028000000000000018,
      "asset_00213": 0.006,
      "asset_00649": 0.008,
      "asset_00346": 0.006,
      "asset_01036": 0.012000000000000004,
      "asset_00597": 0.028000000000000018,
      "asset_00446": 0.070000000000000046,
      "asset_00855": 0.03100000000000002,
      "asset_01029": 0.03200000000000002,
      "asset_00187": 0.015000000000000006,
      "asset_00726": 0.03400000000000002,
      "asset_00271": 0.023000000000000013,
      "asset_00700": 0.008,
      "asset_00138": 0.013000000000000005,
      "asset_00255": 0.023000000000000013,
      "asset_00444": 0.011000000000000003,
      "asset_00638": 0.035000000000000024,
      "asset_00360": 0.023000000000000013,
      "asset_00731": 0.014000000000000005
}