{"asset_01053": [-0.010316034778952599, -0.0025475325528532267, 0.13139508664608002, 0.0, 0.9952927231788635, 0.09691459685564041, 0.0], "asset_00470": [0.00024485832545906305, -0.0003310191968921572, 0.13194960355758667, 0.0, 0.9995775818824768, -0.02906356379389763, 0.0], "asset_00499": [-0.002197337569668889, 0.003020028816536069, 0.154373899102211, 0.0, 0.9995775818824768, -0.02906356379389763, 0.0], "asset_00652": [-0.00080256094224751, 0.0011071956250816584, 0.13760344684123993, 0.0, 0.999975860118866, 0.006947132293134928, 0.0], "asset_00346": [-0.002389325527474284, 0.0028906743973493576, 0.137755885720253, 0.0, 0.9952927231788635, 0.09691459685564041, 0.0], "asset_00004": [-0.0029858320485800505, 0.0022511512506753206, 0.17361211895942688, 0.0, 0.9954468011856079, -0.09531883150339127, 0.0], "asset_00681": [0.0005220442544668913, 0.003792000003159046, 0.15590006113052368, 0.0, 0.9970659017562866, 0.07654786109924316, 0.0], "asset_00783": [0.0029425579123198986, -0.0006888412171974778, 0.15006297826766968, 0.0, 0.879314124584198, 0.47624221444129944, 0.0], "asset_00768": [-0.000487697992473841, 0.0023301602341234684, 0.150434131026268, 0.0, 0.9991515874862671, 0.04118425399065018, 0.0], "asset_00192": [-6.910225056344643e-05, -0.0038767901714891195, 0.18629074096679688, 0.0, 0.9995775818824768, 0.00006356379389763, 0.0], "asset_01026": [0.005866812076419592, 0.0005543028237298131, 0.13495144248008728, 0.0, 0.9995775818824768, -0.02906356379389763, 0.0], "asset_00007": [0.0004877419560216367, -0.0009580777841620147, 0.14064109325408936, 0.0, 0.9991515874862671, 0.04118425399065018, 0.0], "asset_00308": [-0.003083999967202544, 0.0006667174748145044, 0.12476921081542969, 0.0, 0.9995775818824768, -0.02906356379389763, 0.0], "asset_00437": [0.0006667174748145044, -0.0031900000758469105, 0.13476921081542969, 0.0, 0.9995775818824768, -0.02906356379389763, 0.0], "asset_00446": [0.0005201903404667974, -0.0002229465899290517, 0.16668006777763367, 0.0, 0.9995775818824768, -0.02906356379389763, 0.0], "asset_00016": [0.000646269996650517, -0.0038960606325417757, 0.1448459029197693, 0.0, 0.9995775818824768, -0.02906356379389763, 0.0], "asset_00133": [0.0027857827953994274, 0.004032723605632782, 0.14246049523353577, 0.0, 0.9995775818824768, -0.02906356379389763, 0.0], "asset_00855": [0.0012919323053210974, 0.0007645891746506095, 0.1583850085735321, 0.0, 1.0, -6.359065446304157e-05, 0.0], "asset_00471": [-0.0008699999889358878, 0.0013765401672571898, 0.12896618247032166, 0.0, 0.9995775818824768, -0.02906356379389763, 0.0], "asset_00030": [0.003781960578635335, -0.0013534600147977471, 0.1464911550283432, 0.0, 0.9995775818824768, -0.02906356379389763, 0.0], "asset_00186": [0.0043979212641716, 0.0009712133905850351, 0.11275896430015564, 0.0, 0.9995775818824768, -0.02906356379389763, 0.0], "asset_01132": [0.00, -0.000005040557682514, 0.18, 0.0, 0.9995775818824768, -0.0, 0.0], "asset_00863": [0.006388863082975149, -0.003151122247800231, 0.1465671807527542, 0.0, 0.9995775818824768, -0.02906356379389763, 0.0], "asset_00426": [0.003439829684793949, 0.002179145347326994, 0.14554180204868317, 0.0, 0.9995775818824768, -0.02906356379389763, 0.0], "asset_00077": [0.001678947824984789, 0.0008964934968389571, 0.1497495025396347, 0.0, 0.9995775818824768, -0.02906356379389763, 0.0], "asset_00703": [0.0006712549366056919, 0.00471000000834465, 0.14264364540576935, 0.0, 0.9995775818824768, -0.02906356379389763, 0.0], "asset_00028": [-0.000648629036732018, 0.004097129683941603, 0.144361834526062, 0.0, 0.9995775818824768, -0.02906356379389763, 0.0], "asset_00110": [0.0007744216127321124, 0.0037207668647170067, 0.15851615369319916, 0.0, 0.999550998210907, -0.029963022097945213, 0.0], "asset_00015": [0.0031988818664103746, 0.0003971541009377688, 0.14288878440856934, 0.0, 0.999550998210907, -0.029963022097945213, 0.0], "asset_00329": [0.0007426779484376311, -0.0012185460655018687, 0.13802067935466766, 0.0, 0.9995775818824768, -0.02906356379389763, 0.0], "asset_01125": [0.0033629999961704016, 2.0064071577508003e-05, 0.13085927069187164, 0.0, 0.9995775818824768, -0.02906356379389763, 0.0], "asset_00103": [-0.0020214547403156757, -0.0035427259281277657, 0.1520918756723404, 0.0, 0.9995775818824768, -0.02906356379389763, 0.0], "asset_00444": [0.023201959207654, -0.005594000220298767, 0.12438815087080002, 0.0, 0.9995775818824768, -0.02906356379389763, 0.0], "asset_00014": [0.0019417660078033805, -0.0024499124847352505, 0.14913880825042725, 0.0, 0.9995775818824768, -0.02906356379389763, 0.0], "asset_00615": [0.000713409140706062, 0.000532591000199318, 0.14272627234458923, 0.0, 0.9995775818824768, -0.02906356379389763, 0.0], "asset_00078": [-0.0010879317997023463, -0.0031522552017122507, 0.1675756722688675, 0.0, 0.9995775818824768, -0.02906356379389763, 0.0], "asset_00187": [-0.002236262895166874, 0.0033455367665737867, 0.14141502976417542, 0.0, 0.9995775818824768, -0.02906356379389763, 0.0], "asset_01029": [-0.0031751967035233974, -0.002684803446754813, 0.1480819135904312, 0.0, 0.9995775818824768, -0.02906356379389763, 0.0], "asset_00021": [-0.0012374956859275699, -0.0038639544509351254, 0.1392902284860611, 0.0, 0.9995775818824768, -0.02906356379389763, 0.0], "asset_01041": [0.001035909284837544, 0.003154805861413479, 0.12925001978874207, 0.0, 0.9995775818824768, -0.02906356379389763, 0.0], "asset_00755": [-0.004329941235482693, -0.0040579079650342464, 0.15229123830795288, 0.0, 0.9995775818824768, -0.02906356379389763, 0.0], "asset_01102": [-0.0023174069356173277, -0.0035103822592645884, 0.13922742009162903, 0.0, 0.9995775818824768, -0.02906356379389763, 0.0], "asset_00614": [0.003466112608090043, 0.0012739148223772645, 0.16340045630931854, 0.0, 0.9995775818824768, -0.02906356379389763, 0.0], "asset_00597": [0.0008387258276343346, 0.0004348676011431962, 0.14662837982177734, 0.0, 1.0, -6.359065446304157e-05, 0.0], "asset_00686": [-0.0038646417669951916, 0.0036260662600398064, 0.12960509955883026, 0.0, 0.9995775818824768, -0.02906356379389763, 0.0], "asset_01129": [-0.00049058254808187485, 0.00030636368319392204, 0.13810013234615326, 0.0, 0.999153733253479, 0.04113173857331276, 0.0], "asset_00074": [-0.0006759628304280341, -0.0020755112636834383, 0.19665543735027313, 0.0, 0.995936930179596, 0.09005340188741684, 0.0], "asset_00293": [0.001535019720904529, 0.0033499880228191614, 0.14061303436756134, 0.0, 0.9995775818824768, -0.02906356379389763, 0.0], "asset_00649": [0.0050490922294557095, -0.008607695810496807, 0.12371975928544998, 0.0, 0.995936930179596, 0.09005340188741684, 0.0], "asset_00638": [0.002801768947392702, 0.003099841298535466, 0.1515679955482483, 0.0, 0.9995775818824768, -0.02906356379389763, 0.0], "asset_00143": [-0.0011094234650954604, 0.0036456540692597628, 0.1603497862815857, 0.0, 0.9995775818824768, -0.02906356379389763, 0.0], "asset_00345": [0.0007353736436925828, -0.0003538854653015733, 0.15492630004882812, 0.0, 0.9995775818824768, -0.02906356379389763, 0.0], "asset_00537": [0.002295168349519372, -0.00012004138989141211, 0.18131829798221588, 0.0, 0.9995775818824768, -0.02906356379389763, 0.0], "asset_00648": [-6.088294321671128e-05, 0.0029234527610242367, 0.1930349862575531, 0.0, 0.9995775818824768, -0.02906356379389763, 0.0], "asset_00388": [0.0010786025086417794, -0.00460837734863162, 0.1421794593334198, 0.0, 0.9995775818824768, -0.02906356379389763, 0.0], "asset_00163": [0.0033276511821895838, 0.005059537943452597, 0.12526218593120575, 0.0, 0.9995775818824768, -0.02906356379389763, 0.0], "asset_00117": [0.0015301663661375642, 0.0015532893594354391, 0.19578133523464203, 0.0, 0.9995775818824768, -0.02906356379389763, 0.0], "asset_01079": [0.00029214518144726753, -0.002699976321309805, 0.1344725489616394, 0.0, 0.9995775818824768, -0.02906356379389763, 0.0], "asset_00340": [0.0004949733265675604, 0.0007618195959366858, 0.1369360238313675, 0.0, 0.9995775818824768, -0.02906356379389763, 0.0],